id,name,inventoryModel,uom,isArchived,isDeleted,updatedAt,createdAt,company,price
0,"8 x AKORD® Stretch Nylon Fake Tattoo Sleeves / Arms - Fancy Dress, Tribal / Tiger / Skull Tattoo",default,unit,False,False,2019-05-14T08:13:19.302876,2019-05-14T08:13:19.302876,0,5.9
1,Triang USS Hue City CG66 Model,default,unit,False,False,2019-05-14T08:13:19.302876,2019-05-14T08:13:19.302876,0,5.2
2,ETHAHE 300pcs Yellow Lemon Scented Flavour Latex-free Loom Refill Rubber Bands Pack Bracelets with 15 S-Clips & 1 Hook,default,unit,False,False,2019-05-14T08:13:19.302876,2019-05-14T08:13:19.302876,0,4.7
3,BRUSHWOOD TOY FARM BT2030 SCALEXTRIC BULK SILAGE,default,unit,False,False,2019-05-14T08:13:19.302876,2019-05-14T08:13:19.302876,0,11.1
4,Death Note Craft Label Statue / Figure: Misa Amane 24 cm,default,unit,False,False,2019-05-14T08:13:19.302876,2019-05-14T08:13:19.302876,0,15.2
5,Reeves Junior Painting by Numbers Fantasy Boat (Medium),default,unit,False,False,2019-05-14T08:13:19.302876,2019-05-14T08:13:19.302876,0,4.4
6,Smiffy's Corrupt Court Jester Tunic Collar Belt - Medium,default,unit,False,False,2019-05-14T08:13:19.302876,2019-05-14T08:13:19.302876,0,15.5
7,Transformers Generations Combiner Wars Legend Bombshell,default,unit,False,False,2019-05-14T08:13:19.302876,2019-05-14T08:13:19.302876,0,22.6
8,Hama Beads Giant Open Gift Box (Pink),default,unit,False,False,2019-05-14T08:13:19.302876,2019-05-14T08:13:19.302876,0,14.9
9,LEGO Star Wars: Ahsoka Minifigure with Green Lightsaber,default,unit,False,False,2019-05-14T08:13:19.302876,2019-05-14T08:13:19.302876,0,10.9
10,Spinning Hat Horror Trivia,default,unit,False,False,2019-05-14T08:13:19.302876,2019-05-14T08:13:19.302876,0,6.3
11,"Vespa 150 Super, silberblau, 1965, Modellauto, Fertigmodell, Maisto 1:18",default,unit,False,False,2019-05-14T08:13:19.302876,2019-05-14T08:13:19.302876,0,19.9
12,Mega Bloks Hello Kitty Treehouse,default,unit,False,False,2019-05-14T08:13:19.302876,2019-05-14T08:13:19.302876,0,12.6
13,Schleich Spinosaurus Playset,default,unit,False,False,2019-05-14T08:13:19.302876,2019-05-14T08:13:19.302876,0,12.9
14,Star War Legends - Sandtrooper Action Figure (Figure Shoulder Pad Colour May Vary from Picture),default,unit,False,False,2019-05-14T08:13:19.302876,2019-05-14T08:13:19.302876,0,43.3
15,Think Pink - Glitter Recorder,default,unit,False,False,2019-05-14T08:13:19.302876,2019-05-14T08:13:19.302876,0,3.3
16,Oskar & Ellen 1-2-3 Counting Fabric Book,default,unit,False,False,2019-05-14T08:13:19.302876,2019-05-14T08:13:19.302876,0,28.0
17,Peers Hardy Maze Racer,default,unit,False,False,2019-05-14T08:13:19.302876,2019-05-14T08:13:19.302876,0,17.7
18,Learning Resources Gears! Gears! Gears! Safari Express Motorized Set,default,unit,False,False,2019-05-14T08:13:19.302876,2019-05-14T08:13:19.302876,0,42.9
19,Jazwares Poptropica 7 Inch Plush Figure Cool Boy,default,unit,False,False,2019-05-14T08:13:19.302876,2019-05-14T08:13:19.302876,0,32.8
20,Melissa & Doug Princess Puppet,default,unit,False,False,2019-05-14T08:13:19.326928,2019-05-14T08:13:19.326928,1,16.9
21,Plarail - Series E6 [Super Komachi] & Tomica Arch Rail Crossing Set (Model Train),default,unit,False,False,2019-05-14T08:13:19.326928,2019-05-14T08:13:19.326928,1,56.0
22,Disney Frozen Large 3 IN 1 Jigsaw Puzzle Set - 50 Piece Per Puzzle Toy,default,unit,False,False,2019-05-14T08:13:19.326928,2019-05-14T08:13:19.326928,1,6.9
23,Scalextric 1:32 Scale Mini Countryman WRC Slot Car,default,unit,False,False,2019-05-14T08:13:19.326928,2019-05-14T08:13:19.326928,1,31.9
24,Transformers Robots In Disguise One Step Changer Sideswipe,default,unit,False,False,2019-05-14T08:13:19.326928,2019-05-14T08:13:19.326928,1,19.9
25,Disguise Wolverine Classic Muscle Boys Small (4-6),default,unit,False,False,2019-05-14T08:13:19.326928,2019-05-14T08:13:19.326928,1,20.9
26,Star Wars X-Wing Miniatures Game Expansion: Tie Advanced,default,unit,False,False,2019-05-14T08:13:19.326928,2019-05-14T08:13:19.326928,1,13.1
27,Peace Man Hippy Costume,default,unit,False,False,2019-05-14T08:13:19.326928,2019-05-14T08:13:19.326928,1,11.4
28,Playmobil 5299 City Action Take Along Police Station,default,unit,False,False,2019-05-14T08:13:19.326928,2019-05-14T08:13:19.326928,1,24.9
29,Jorge Lorenzo Yamaha Moto GP 2012 1/10 Scale,default,unit,False,False,2019-05-14T08:13:19.350375,2019-05-14T08:13:19.350375,2,19.0
30,Wasgij Destiny 7 - Rock Around the Clock 1000 Piece Jigsaw Puzzle,default,unit,False,False,2019-05-14T08:13:19.350375,2019-05-14T08:13:19.350375,2,29.9
31,Plush Soft Toy Sitting Grey Chinchilla by Hansa. 18cm. 5978,default,unit,False,False,2019-05-14T08:13:19.350375,2019-05-14T08:13:19.350375,2,22.9
32,Rope Ladder 200cm,default,unit,False,False,2019-05-14T08:13:19.350375,2019-05-14T08:13:19.350375,2,9.9
33,Magic The Gathering Limited Edition Premium Deck Series SLIVERS,default,unit,False,False,2019-05-14T08:13:19.350375,2019-05-14T08:13:19.350375,2,139.9
34,Comansi 10cm Marvel Comics Dr Doom Mini Figure,default,unit,False,False,2019-05-14T08:13:19.350375,2019-05-14T08:13:19.350375,2,4.1
35,Maped Jungle Innovation Felt Tip Pens 12 per pack,default,unit,False,False,2019-05-14T08:13:19.350375,2019-05-14T08:13:19.350375,2,10.9
36,Hungry Hungry Hippos Elefun & Friends Board Game,default,unit,False,False,2019-05-14T08:13:19.350375,2019-05-14T08:13:19.350375,2,16.7
37,Shout Game,default,unit,False,False,2019-05-14T08:13:19.350375,2019-05-14T08:13:19.350375,2,19.9
38,WARLORD GAMES Napoleonic Russian Starter Army,default,unit,False,False,2019-05-14T08:13:19.350375,2019-05-14T08:13:19.350375,2,59.9
39,Bluw Giant Inflatable Trophy,default,unit,False,False,2019-05-14T08:13:19.350375,2019-05-14T08:13:19.350375,2,9.9
40,Minnie Mouse Memory Match Game,default,unit,False,False,2019-05-14T08:13:19.350375,2019-05-14T08:13:19.350375,2,4.5
41,"22"" Bubbles Helium Grade Balloon Baby Boy Moon And Stars for Party Decoration",default,unit,False,False,2019-05-14T08:13:19.350375,2019-05-14T08:13:19.350375,2,1.0
42,Star Wars The Force Awakens 12-inch Assault Walker,default,unit,False,False,2019-05-14T08:13:19.350375,2019-05-14T08:13:19.350375,2,23.9
43,INSIDE OUT ~ DISNEY PIXAR FILM ~ PANINI STICKER COLLECTION ~ 10 PACKETS,default,unit,False,False,2019-05-14T08:13:19.350375,2019-05-14T08:13:19.350375,2,3.8
44,Perfectly Pink Party Happy 40th Birthday Paper Flag Bunting - 12ft,default,unit,False,False,2019-05-14T08:13:19.350375,2019-05-14T08:13:19.350375,2,1.5
45,"World of Warcraft ""Through the Dark Portal"" Starter Deck",default,unit,False,False,2019-05-14T08:13:19.350375,2019-05-14T08:13:19.350375,2,16.9
46,Game of Senet,default,unit,False,False,2019-05-14T08:13:19.350375,2019-05-14T08:13:19.350375,2,30.0
47,Schleich Buccaneer Smurf,default,unit,False,False,2019-05-14T08:13:19.350375,2019-05-14T08:13:19.350375,2,3.5
48,University Games - 20 Questions For Kids Game,default,unit,False,False,2019-05-14T08:13:19.350375,2019-05-14T08:13:19.350375,2,47.4
49,Celebrity Mask - Louis Walsh,default,unit,False,False,2019-05-14T08:13:19.350375,2019-05-14T08:13:19.350375,2,2.8
50,1 body with 1/35 Sherman Firefly IC composite body doll with accessories (japan import),default,unit,False,False,2019-05-14T08:13:19.350375,2019-05-14T08:13:19.350375,2,47.6
51,Heye Panorama Lighthouse Le Creac'h Edition Humboldt Puzzles (1000-Piece),default,unit,False,False,2019-05-14T08:13:19.350375,2019-05-14T08:13:19.350375,2,12.9
52,Batman Superman Mini Top Trumps Cards - DC Comics Design Card Game,default,unit,False,False,2019-05-14T08:13:19.350375,2019-05-14T08:13:19.350375,2,4.3
53,Triceratops Dinosaur by NATIONAL GEOGRAPHIC,default,unit,False,False,2019-05-14T08:13:19.373253,2019-05-14T08:13:19.373253,3,9.9
54,Brookite Triple Nylon Pinwheel,default,unit,False,False,2019-05-14T08:13:19.373253,2019-05-14T08:13:19.373253,3,9.2
55,German Panzerkampfwagen VI Tiger I Ausfuhrung E (Sd.Kfz181) Early - 1:35 Scale Military - Tamiya,default,unit,False,False,2019-05-14T08:13:19.373253,2019-05-14T08:13:19.373253,3,24.8
56,PAIR OF GENUINE JACK DANIELS ® WHISKY POKER CHIPS,default,unit,False,False,2019-05-14T08:13:19.373253,2019-05-14T08:13:19.373253,3,1.9
57,Personalised Christening Baptism Dedication Holy Communion Confirmation Banner Party Decoration - All Colours!,default,unit,False,False,2019-05-14T08:13:19.373253,2019-05-14T08:13:19.373253,3,2.9
58,Teaching Resource Sack - Goldilocks & the 3 Bears Story Play Mask Set,default,unit,False,False,2019-05-14T08:13:19.373253,2019-05-14T08:13:19.373253,3,6.6
59,Hornby R2921 BR 4-6-0 'Thorpe Hall' Class B17/1 00 Gauge DCC Ready Steam Locomotive,default,unit,False,False,2019-05-14T08:13:19.373253,2019-05-14T08:13:19.373253,3,127.9
60,Power Rangers Dino Charge Deluxe Megazord,default,unit,False,False,2019-05-14T08:13:19.373253,2019-05-14T08:13:19.373253,3,25.9
61,Thomas and Friends Take-n-Play Troublesome Truck,default,unit,False,False,2019-05-14T08:13:19.373253,2019-05-14T08:13:19.373253,3,14.9
62,Toob Wildlife Series Dino Mosasaurus,default,unit,False,False,2019-05-14T08:13:19.373253,2019-05-14T08:13:19.373253,3,10.9
63,Display Box - Pirates & Corsairs - Papo,default,unit,False,False,2019-05-14T08:13:19.373253,2019-05-14T08:13:19.373253,3,15.9
64,Science Lab- Top - Stretchy Elastic,default,unit,False,False,2019-05-14T08:13:19.373253,2019-05-14T08:13:19.373253,3,9.0
65,Lotus Esprit S1 (The Spy who Loved Me) 1:43 Minichamps Diecast James Bond Car,default,unit,False,False,2019-05-14T08:13:19.396427,2019-05-14T08:13:19.396427,4,29.9
66,Optical Fibre 3 Metres x 1mm End Light Cable ideal for Modeling U0-100-104,default,unit,False,False,2019-05-14T08:13:19.396427,2019-05-14T08:13:19.396427,4,1.5
67,"Polyhedral 7-Die Opaque Dice Set - Blue with White (d4, d6, d8, d10, d12, d20 & d00)",default,unit,False,False,2019-05-14T08:13:19.396427,2019-05-14T08:13:19.396427,4,7.8
68,Ravensburger The Clangers Puzzle (Pack of 4),default,unit,False,False,2019-05-14T08:13:19.396427,2019-05-14T08:13:19.396427,4,3.9
69,Bruder - Caterpillar Track Type Tractor,default,unit,False,False,2019-05-14T08:13:19.396427,2019-05-14T08:13:19.396427,4,15.8
70,Monk of the Abbey - Adult Costume Men : X LARGE,default,unit,False,False,2019-05-14T08:13:19.396427,2019-05-14T08:13:19.396427,4,10.9
71,Matador Hat,default,unit,False,False,2019-05-14T08:13:19.396427,2019-05-14T08:13:19.396427,4,9.0
72,Doc Mcstuffins Electronic Guitar,default,unit,False,False,2019-05-14T08:13:19.396427,2019-05-14T08:13:19.396427,4,10.5
73,dotcomgiftshop Traditional Naughts & Crosses,default,unit,False,False,2019-05-14T08:13:19.396427,2019-05-14T08:13:19.396427,4,6.0
74,Black Holographic Gift Box - Ideal For Balloon Weights (Pack Of 12),default,unit,False,False,2019-05-14T08:13:19.396427,2019-05-14T08:13:19.396427,4,6.9
75,Pintoy Wooden Shut The Box,default,unit,False,False,2019-05-14T08:13:19.396427,2019-05-14T08:13:19.396427,4,7.3
76,Mega Bloks Call of Duty Motorbike Breakout Collector Construction Set,default,unit,False,False,2019-05-14T08:13:19.396427,2019-05-14T08:13:19.396427,4,9.9
77,Large Royal Maxi Solid Wood Chess Set + Instructions 31 x 31 cms,default,unit,False,False,2019-05-14T08:13:19.396427,2019-05-14T08:13:19.396427,4,19.9
78,douself 2.4G 4CH Radio Model RC Transmitter & Receiver,default,unit,False,False,2019-05-14T08:13:19.396427,2019-05-14T08:13:19.396427,4,23.8
79,Happy 21st Birthday Giant Party Wall Banner 3 Banners Age 21 Party Decoration,default,unit,False,False,2019-05-14T08:13:19.396427,2019-05-14T08:13:19.396427,4,1.8
80,"Ford Hot Rod, schwarz, 1932, Modellauto, Fertigmodell, Motormax 1:18",default,unit,False,False,2019-05-14T08:13:19.396427,2019-05-14T08:13:19.396427,4,24.9
81,The Queen - Celebrity Face Mask,default,unit,False,False,2019-05-14T08:13:19.396427,2019-05-14T08:13:19.396427,4,2.9
82,The Puppet Company - Hideaway Puppets - Tree House,default,unit,False,False,2019-05-14T08:13:19.396427,2019-05-14T08:13:19.396427,4,24.9
83,Sons Of Anarchy Patch Sticker,default,unit,False,False,2019-05-14T08:13:19.396427,2019-05-14T08:13:19.396427,4,6.1
84,Maisto 536191 Model Car Mercedes E-Class Taxi 1:18 Scale,default,unit,False,False,2019-05-14T08:13:19.396427,2019-05-14T08:13:19.396427,4,45.0
85,Pink Butterfly Garland,default,unit,False,False,2019-05-14T08:13:19.396427,2019-05-14T08:13:19.396427,4,10.0
86,Britains 1:32 Scale John Deere 3050 Tractor,default,unit,False,False,2019-05-14T08:13:19.396427,2019-05-14T08:13:19.396427,4,14.3
87,Nanoblock Mallard Duck,default,unit,False,False,2019-05-14T08:13:19.396427,2019-05-14T08:13:19.396427,4,5.2
88,Batman Blast Lane Batmobile Toy Vehicle,default,unit,False,False,2019-05-14T08:13:19.419462,2019-05-14T08:13:19.419462,5,22.0
89,The Megalodon by Safari,default,unit,False,False,2019-05-14T08:13:19.419462,2019-05-14T08:13:19.419462,5,12.4
90,Dr Who 12.5cm Peg Doll Soldier Series 6 (2d) with Flesh Sachet,default,unit,False,False,2019-05-14T08:13:19.419462,2019-05-14T08:13:19.419462,5,9.8
91,Black Single Music Note Foil Supershape Balloon,default,unit,False,False,2019-05-14T08:13:19.419462,2019-05-14T08:13:19.419462,5,5.8
92,ixo blue subaru impreza WRC97 rally monte carlo 1997 car 1.43 scale diecast model,default,unit,False,False,2019-05-14T08:13:19.419462,2019-05-14T08:13:19.419462,5,14.9
93,Intex Summer Fun Swimming Pool Dive Rings - 55501,default,unit,False,False,2019-05-14T08:13:19.419462,2019-05-14T08:13:19.419462,5,3.7
94,Playmobil 4945 Pirate on Treasure Hunt Gift Egg,default,unit,False,False,2019-05-14T08:13:19.419462,2019-05-14T08:13:19.419462,5,6.9
95,Tamiya 300020062 Model Car McLaren M23 Formula 1 1976 / 1:20,default,unit,False,False,2019-05-14T08:13:19.419462,2019-05-14T08:13:19.419462,5,33.0
96,Nightmare on Elm Street Freddy Kruger Head Knocker by Neca,default,unit,False,False,2019-05-14T08:13:19.419462,2019-05-14T08:13:19.419462,5,25.9
97,Lost Season 2 Factory Sealed Hobby Packet / Pack,default,unit,False,False,2019-05-14T08:13:19.419462,2019-05-14T08:13:19.419462,5,1.9
98,Star Wars 6 Inch Black Series - Clone Trooper Captain Figure,default,unit,False,False,2019-05-14T08:13:19.419462,2019-05-14T08:13:19.419462,5,23.9
99,Stargate Atlantis Season 1 Trading Cards Complete 50 Card Base set,default,unit,False,False,2019-05-14T08:13:19.419462,2019-05-14T08:13:19.419462,5,11.4
100,Oxford Diecast Ford Consul in Gold 1:76 scale diecast model,default,unit,False,False,2019-05-14T08:13:19.419462,2019-05-14T08:13:19.419462,5,6.4
101,Kung Zhu Hamsters Samurai Armour - SiegeW5 / Battlelord,default,unit,False,False,2019-05-14T08:13:19.419462,2019-05-14T08:13:19.419462,5,3.4
102,"4 Plastic Jungle/Safari Animal Face Masks - Giraffe, Chimp, Lion and Tiger - Fancy Dress",default,unit,False,False,2019-05-14T08:13:19.419462,2019-05-14T08:13:19.419462,5,6.9
103,Mrs Santa Clause - Adult Costume Lady: STANDARD,default,unit,False,False,2019-05-14T08:13:19.419462,2019-05-14T08:13:19.419462,5,11.9
104,Scalextric 1:32 Scale Lotus Exige R-GT Slot Car,default,unit,False,False,2019-05-14T08:13:19.419462,2019-05-14T08:13:19.419462,5,44.9
105,RCECHO® AEO RC Model U3 Pro Input 6-23V Output 5V/3.5A 12g R/C Hobby UBEC BEC AC929 with RCECHO® Full Version Apps Edition,default,unit,False,False,2019-05-14T08:13:19.419462,2019-05-14T08:13:19.419462,5,5.9
106,"ICE FOUNTAIN CANDLES PINK, BLUE, SILVER (BLUE PACK CONTAINS CANDLES 2)",default,unit,False,False,2019-05-14T08:13:19.419462,2019-05-14T08:13:19.419462,5,1.4
107,S.H.Figuarts - Bouken Red (GoGo Sentai Boukenger),default,unit,False,False,2019-05-14T08:13:19.419462,2019-05-14T08:13:19.419462,5,17.1
108,Hot Toys Diorama Masterpiece: Alien vs Predator - Predalien vs Predator,default,unit,False,False,2019-05-14T08:13:19.419462,2019-05-14T08:13:19.419462,5,476.9
109,Star Wars: Obi Wan Kenobi Holograhic Glow in the Dark Bobble Head Toy - [16703],default,unit,False,False,2019-05-14T08:13:19.419462,2019-05-14T08:13:19.419462,5,10.9
110,Disney The Good Dinosaur Vivian Action Figures,default,unit,False,False,2019-05-14T08:13:19.419462,2019-05-14T08:13:19.419462,5,2.9
111,32583 Tamiya 1:48 - German Panzer 38(t) Ausf.E/F,default,unit,False,False,2019-05-14T08:13:19.419462,2019-05-14T08:13:19.419462,5,14.8
112,Dorothy Teen Costume,default,unit,False,False,2019-05-14T08:13:19.442255,2019-05-14T08:13:19.442255,6,32.4
113,Bird (Yellow) Mask - Accessory,default,unit,False,False,2019-05-14T08:13:19.442255,2019-05-14T08:13:19.442255,6,4.6
114,Oostifun ShengShou Magic Snake Magic Ruler Twist Puzzle Twisty Toy (Black&White),default,unit,False,False,2019-05-14T08:13:19.442255,2019-05-14T08:13:19.442255,6,7.9
115,Hot Toys Maleficent Movie Masterpiece Series Sixth Scale Figure,default,unit,False,False,2019-05-14T08:13:19.442255,2019-05-14T08:13:19.442255,6,185.9
116,corgi trackside scammell tractor with artic low loader and glass load truck 1.76 scale diecast model,default,unit,False,False,2019-05-14T08:13:19.442255,2019-05-14T08:13:19.442255,6,10.7
117,King Horse Waterproof female blue peony tattoo sticker,default,unit,False,False,2019-05-14T08:13:19.442255,2019-05-14T08:13:19.442255,6,4.4
118,Bruder - Fendt Farmer 209 S Frontloader 1:16,default,unit,False,False,2019-05-14T08:13:19.442255,2019-05-14T08:13:19.442255,6,15.3
119,Oxford Diecast Strathclyde Fire & Rescue Aerial Rescue Pump 76SAL001,default,unit,False,False,2019-05-14T08:13:19.442255,2019-05-14T08:13:19.442255,6,23.9
120,Santa & Deer Advent Calendar with Glitter,default,unit,False,False,2019-05-14T08:13:19.442255,2019-05-14T08:13:19.442255,6,3.4
121,Zhu Zhu Ponies Pink Gable Stable,default,unit,False,False,2019-05-14T08:13:19.442255,2019-05-14T08:13:19.442255,6,5.4
122,Hornby Gauge Railroad Ex-Industrial Hogarth Stone No.6 Locomotive,default,unit,False,False,2019-05-14T08:13:19.442255,2019-05-14T08:13:19.442255,6,27.4
123,Honda VFR1200F in dark red 1/18 scale from maisto,default,unit,False,False,2019-05-14T08:13:19.442255,2019-05-14T08:13:19.442255,6,12.2
124,23.6 Inch Wenge and Maple Deluxe Chess Board,default,unit,False,False,2019-05-14T08:13:19.442255,2019-05-14T08:13:19.442255,6,69.9
125,Gunther Top Loop Kite,default,unit,False,False,2019-05-14T08:13:19.442255,2019-05-14T08:13:19.442255,6,12.9
126,Silver Metal Deck Box Case for Deck Protector storage Trading Cards TCG Ultra Pro Sleeve MTG Magic the Gathering Pokemon YGO Yugioh Match Attax Tabletop Board Games Sports Wow Fantasy Coins,default,unit,False,False,2019-05-14T08:13:19.442255,2019-05-14T08:13:19.442255,6,10.9
127,LEGO Pirates of the Caribbean: Hector Barbossa Pegleg Minifigure,default,unit,False,False,2019-05-14T08:13:19.442255,2019-05-14T08:13:19.442255,6,8.9
128,Hornby RailRoad Wagon BR Horse Box,default,unit,False,False,2019-05-14T08:13:19.442255,2019-05-14T08:13:19.442255,6,19.9
129,Creativity For Kids Creativity for Kids Kit Beautiful Butterflies,default,unit,False,False,2019-05-14T08:13:19.442255,2019-05-14T08:13:19.442255,6,14.9
130,"Arcane Wonders ""Sheriff of Nottingham"" Board Game",default,unit,False,False,2019-05-14T08:13:19.442255,2019-05-14T08:13:19.442255,6,23.8
131,LEGO Juniors 10672: Batman Defend the Batcave,default,unit,False,False,2019-05-14T08:13:19.442255,2019-05-14T08:13:19.442255,6,39.9
132,Monchhichi Classic Girl (Pink),default,unit,False,False,2019-05-14T08:13:19.442255,2019-05-14T08:13:19.442255,6,20.0
133,Looney Labs V5.0 Fluxx Card Game,default,unit,False,False,2019-05-14T08:13:19.464682,2019-05-14T08:13:19.464682,7,12.9
134,Breyer B1409 Let's Go 1:9 Scale Riding English Horse and Rider Set (colours may vary),default,unit,False,False,2019-05-14T08:13:19.464682,2019-05-14T08:13:19.464682,7,39.9
135,Paul Lamond Matchstick Puzzles,default,unit,False,False,2019-05-14T08:13:19.464682,2019-05-14T08:13:19.464682,7,7.9
136,Lyndie's Craft 50 Tibetan Silver tiny heart beads x3mm x 2mm. Jewellery,default,unit,False,False,2019-05-14T08:13:19.464682,2019-05-14T08:13:19.464682,7,1.5
137,Rcmodelpart Tarot Robocat TL250H Carbon Glass Fiber Mixed Mini 250 FPV Quadcopter Frame Kit,default,unit,False,False,2019-05-14T08:13:19.464682,2019-05-14T08:13:19.464682,7,29.7
138,Cozy Plush Premium Fully Microwavable Mouse Personal Warmer,default,unit,False,False,2019-05-14T08:13:19.464682,2019-05-14T08:13:19.464682,7,5.0
139,Dapol 2P-000-101 Collett BR Maroon/Crimson 2nd Class W1117,default,unit,False,False,2019-05-14T08:13:19.464682,2019-05-14T08:13:19.464682,7,22.5
140,Oxford Diecast CMP 1st Canadian Inf Div Italy 1944 76CMP001,default,unit,False,False,2019-05-14T08:13:19.464682,2019-05-14T08:13:19.464682,7,10.9
141,Resident Evil 6 Play Arts Kai Helena Harper Action Figure,default,unit,False,False,2019-05-14T08:13:19.464682,2019-05-14T08:13:19.464682,7,49.8
142,Crayola - 8 Broadline Washable Markers,default,unit,False,False,2019-05-14T08:13:19.464682,2019-05-14T08:13:19.464682,7,3.9
143,Hot Wheels Batman 75th Anniversary: Batman Classic TV Series Batmobile,default,unit,False,False,2019-05-14T08:13:19.464682,2019-05-14T08:13:19.464682,7,5.0
144,The Puppet Company - Hideaway Puppets - Tree House,default,unit,False,False,2019-05-14T08:13:19.464682,2019-05-14T08:13:19.464682,7,24.9
145,"Hollywood Balloon - Flat 18"" Hollywood themed foil balloon - great themed event decoration or prom balloon",default,unit,False,False,2019-05-14T08:13:19.464682,2019-05-14T08:13:19.464682,7,2.5
146,Disney Frozen Large 3 IN 1 Jigsaw Puzzle Set - 50 Piece Per Puzzle Toy,default,unit,False,False,2019-05-14T08:13:19.464682,2019-05-14T08:13:19.464682,7,6.9
147,Ravensburger 2011 Christmas Limited Edition Which Way Santa Puzzle (1000 Pieces),default,unit,False,False,2019-05-14T08:13:19.464682,2019-05-14T08:13:19.464682,7,34.4
148,20 BLUE CASINO STYLE DICE / CRAPS - LARGE 19MM NEW,default,unit,False,False,2019-05-14T08:13:19.464682,2019-05-14T08:13:19.464682,7,4.0
149,HPI Racing Bullet 3.0 & Flux ST & MT Front Hub Carriers (10 Degrees) 101209,default,unit,False,False,2019-05-14T08:13:19.464682,2019-05-14T08:13:19.464682,7,5.9
150,Star Wars Black Series Action Figures Wave 4 - Luke Skywalker Dagobah,default,unit,False,False,2019-05-14T08:13:19.487260,2019-05-14T08:13:19.487260,8,11.9
151,60TH BIRTHDAY BADGE FEMALE {NEW SIMON 15CM},default,unit,False,False,2019-05-14T08:13:19.509763,2019-05-14T08:13:19.509763,9,2.0
152,HAMA BEADS LARGE HEXAGON SINGLE PEGBOARD NO. 276,default,unit,False,False,2019-05-14T08:13:19.509763,2019-05-14T08:13:19.509763,9,2.9
153,Gibsons - Pepys Woodland Snap Card Game,default,unit,False,False,2019-05-14T08:13:19.509763,2019-05-14T08:13:19.509763,9,4.9
154,Powell Craft Mini White Floral Rag Doll-19cm,default,unit,False,False,2019-05-14T08:13:19.509763,2019-05-14T08:13:19.509763,9,4.9
155,NECA Head Knockers XMen 2 Movie Nightcrawler,default,unit,False,False,2019-05-14T08:13:19.509763,2019-05-14T08:13:19.509763,9,56.1
156,King Leonidas12 Inch Figure - 300 - Neca,default,unit,False,False,2019-05-14T08:13:19.509763,2019-05-14T08:13:19.509763,9,119.9
157,Me To You Get Well Soon Foil Balloon,default,unit,False,False,2019-05-14T08:13:19.509763,2019-05-14T08:13:19.509763,9,2.2
158,Tonsee® New 4PCS/Set Little Red Riding Hood Christmas Animal Finger Puppet toy Educational Toys Storytelling Doll,default,unit,False,False,2019-05-14T08:13:19.509763,2019-05-14T08:13:19.509763,9,0.9
159,"Hennessey Venom GT, matt-schwarz, 2010, Modellauto, Fertigmodell, AUTOart 1:18",default,unit,False,False,2019-05-14T08:13:19.509763,2019-05-14T08:13:19.509763,9,228.9
160,Roary Wheeled Swim Ring,default,unit,False,False,2019-05-14T08:13:19.509763,2019-05-14T08:13:19.509763,9,3.9
161,Disney Pixar CARS 2 1:55 Die Cast Car Acer with Torch,default,unit,False,False,2019-05-14T08:13:19.509763,2019-05-14T08:13:19.509763,9,6.9
162,Manhattan Toy Groovy Girls Dani Dragonfly from Manhattan Toy,default,unit,False,False,2019-05-14T08:13:19.509763,2019-05-14T08:13:19.509763,9,10.9
163,Carrera 62356 GO! 1:43 Ferrari GT458 Starter Set,default,unit,False,False,2019-05-14T08:13:19.509763,2019-05-14T08:13:19.509763,9,44.9
164,Bruder 02121 Claas Rollant 250 Straw Baler,default,unit,False,False,2019-05-14T08:13:19.509763,2019-05-14T08:13:19.509763,9,17.9
165,STICKY EYES/576 STICKERS,default,unit,False,False,2019-05-14T08:13:19.509763,2019-05-14T08:13:19.509763,9,2.2
